Date,actual,ARIMA,SARIMA
2025-10-03,2697756.0,2448273.5348310377,2670236.4976829463
2025-10-04,2091602.0,2436582.4120231997,2179496.4353848714
2025-10-05,2901606.0,2435974.4957561963,2726968.179196865
2025-10-06,2686873.0,2435942.8852604586,2576614.3543413104
2025-10-07,2104449.0,2435941.2415744853,2072302.8912796578
2025-10-08,2417075.0,2435941.156105925,2217038.630994035
2025-10-09,2975982.0,2435941.151661721,2640944.469184871
2025-10-10,3017612.0,2435941.151430631,2647225.3212654064
2025-10-11,2381106.0,2435941.1514186147,2195792.7719387207
2025-10-12,2951273.0,2435941.1514179897,2697948.4300128366
2025-10-13,2874884.0,2435941.1514179576,2572910.4428781527
2025-10-14,2413133.0,2435941.1514179558,2083366.6754921474
2025-10-15,2438918.0,2435941.1514179558,2217396.654534686
2025-10-16,2901650.0,2435941.1514179558,2630488.639180898
2025-10-17,2878950.0,2435941.1514179558,2638756.1083944323
2025-10-18,2268485.0,2435941.1514179558,2195847.347792208
2025-10-19,2988255.0,2435941.1514179558,2688176.817410188
2025-10-20,2794820.0,2435941.1514179558,2568628.3222251143
2025-10-21,2141971.0,2435941.1514179558,2082286.7761373552
2025-10-22,2278249.0,2435941.1514179558,2213995.330731603
2025-10-23,2780271.0,2435941.1514179558,2624742.4504774273
2025-10-24,2773635.0,2435941.1514179558,2633440.6960158474
2025-10-25,2126979.0,2435941.1514179558,2192380.225580561
2025-10-26,2859222.0,2435941.1514179558,2682578.9939974784
2025-10-27,2636402.0,2435941.1514179558,2564220.834949469
2025-10-28,1945466.0,2435941.1514179558,2078573.655436695
2025-10-29,2087383.0,2435941.1514179558,2209778.834595739
2025-10-30,2532054.0,2435941.1514179558,2620017.4961011363
2025-10-31,2280607.0,2435941.1514179558,2628809.15076186
2025-11-01,2029708.0,2435941.1514179558,2188149.461781446
2025-11-02,2678442.0,2435941.1514179558,2677886.2110075904
2025-11-03,2492532.0,2435941.1514179558,2559786.16329801
2025-11-04,2015706.0,2435941.1514179558,2074289.5495627916
2025-11-05,2162311.0,2435941.1514179558,2205385.577278586
2025-11-06,2704209.0,2435941.1514179558,2615513.9851901582
2025-11-07,2645578.0,2435941.1514179558,2624325.8945947546
2025-11-08,2080116.0,2435941.1514179558,2183753.1106779724
2025-11-09,2631788.0,2435941.1514179558,2673389.6761089712
2025-11-10,2488335.0,2435941.1514179558,2555345.597012752
2025-11-11,2054768.0,2435941.1514179558,2069881.6318153339
2025-11-12,1996069.0,2435941.1514179558,2200953.991237584
2025-11-13,2434496.0,2435941.1514179558,2611058.491866346
2025-11-14,2456308.0,2435941.1514179558,2619874.7932900432
2025-11-15,1902157.0,2435941.1514179558,2179320.8537833327
2025-11-16,2604321.0,2435941.1514179558,2668935.695456942
2025-11-17,2349327.0,2435941.1514179558,2550903.752540794
2025-11-18,1816617.0,2435941.1514179558,2065446.8668207838
2025-11-19,2073637.0,2435941.1514179558,2196514.094033118
2025-11-20,2493511.0,2435941.1514179558,2606613.410629763
2025-11-21,2792495.0,2435941.1514179558,2615430.6644146405
2025-11-22,2482593.0,2435941.1514179558,2174880.811111612
2025-11-23,2617142.0,2435941.1514179558,2664490.9422266474
2025-11-24,2563877.0,2435941.1514179558,2546461.630908066
2025-11-25,2675261.0,2435941.1514179558,2061006.2802950994
2025-11-26,2753036.0,2435941.1514179558,2192072.3946439927
2025-11-27,1559165.0,2435941.1514179558,2602170.5871401196
2025-11-28,2392036.0,2435941.1514179558,2610988.047434076
2025-11-29,2696816.0,2435941.1514179558,2170439.0801795074
2025-11-30,3134613.0,2435941.1514179558,2660048.1898615714
2025-12-01,2893451.0,2435941.1514179558,2542019.449176065
2025-12-02,2233828.0,2435941.1514179558,2056564.4314342274
2025-12-03,2125688.0,2435941.1514179558,2187630.3044708865
2025-12-04,2437542.0,2435941.1514179558,2597728.2532181423
2025-12-05,2456311.0,2435941.1514179558,2606545.7582913274
2025-12-06,1987785.0,2435941.1514179558,2165996.983166651
2025-12-07,2597892.0,2435941.1514179558,2655605.871362176
2025-12-08,2470751.0,2435941.1514179558,2537577.2544121942
2025-12-09,1977202.0,2435941.1514179558,2052122.3088498109
2025-12-10,2160994.0,2435941.1514179558,2183188.129560558
2025-12-11,2584914.0,2435941.1514179558,2593286.0254535447
2025-12-12,2651654.0,2435941.1514179558,2602103.5402366146
2025-12-13,2157148.0,2435941.1514179558,2161554.8067731983
2025-12-14,2586427.0,2435941.1514179558,2651163.6469417955
2025-12-15,2503757.0,2435941.1514179558,2533135.056822506
2025-12-16,2047653.0,2435941.1514179558,2047680.126911446
2025-12-17,2271960.0,2435941.1514179558,2178745.936275893
2025-12-18,2637016.0,2435941.1514179558,2588843.820708011
2025-12-19,2824905.0,2435941.1514179558,2597661.3375965627
2025-12-20,2748731.0,2435941.1514179558,2157112.613166934
2025-12-21,2769228.0,2435941.1514179558,2646721.4429214196
2025-12-22,2795090.0,2435941.1514179558,2528692.8586200704
2025-12-23,2822653.0,2435941.1514179558,2043237.9321028283
2025-12-24,2236205.0,2435941.1514179558,2174303.7390069542
2025-12-25,2066118.0,2435941.1514179558,2584401.6209539087
2025-12-26,2716278.0,2435941.1514179558,2593219.138299011
2025-12-27,2804814.0,2435941.1514179558,2152670.41582826
2025-12-28,2924593.0,2435941.1514179558,2642279.2433245596
2025-12-29,2811757.0,2435941.1514179558,2524250.6602847674
2025-12-30,2827572.0,2435941.1514179558,2038795.734503437
2025-12-31,2291360.0,2435941.1514179558,2169861.5408740696
