Date,ARIMA,ARIMA_lower_95,ARIMA_upper_95,SARIMA,SARIMA_lower_95,SARIMA_upper_95
2026-01-01,2598665.251213039,2132966.660346185,3064363.8420798928,2590025.325399162,2306740.559207773,2873310.0915905503
2026-01-02,2616171.504395632,2138999.599355791,3093343.4094354725,2829206.5163024077,2515728.6680791383,3142684.3645256767
2026-01-03,2617168.7828322463,2132762.609644839,3101574.956019653,2558088.096845768,2231266.3251362056,2884909.86855533
2026-01-04,2617225.594776513,2125889.419899596,3108561.7696534307,2950676.8761953255,2614035.867706032,3287317.8846846195
2026-01-05,2617228.8311816063,2119070.080943533,3115387.581419679,2828963.39889902,2483533.0755549823,3174393.7222430576
2026-01-06,2617229.015549842,2112340.494984379,3122117.536115305,2500332.784584738,2146531.742898181,2854133.8262712946
2026-01-07,2617229.026052744,2105699.3003260856,3128758.751779402,2424308.374531866,2062384.6700043718,2786232.07905936
2026-01-08,2617229.0266510625,2099143.2225858094,3135314.830716316,2745229.62055375,2352566.8759001377,3137892.365207363
2026-01-09,2617229.026685147,2092669.0774608708,3141788.975909423,2869741.1101771565,2461355.796080657,3278126.4242736567
2026-01-10,2617229.0266870884,2086273.8682416521,3148184.185132525,2511986.749554986,2091300.2961092775,2932673.2030006954
2026-01-11,2617229.0266871992,2079954.7762069758,3154503.277167422,2963573.611402895,2531660.3340047626,3395486.888801027
2026-01-12,2617229.0266872053,2073709.1464819529,3160748.906892458,2839372.8078125557,2396711.606952283,3282034.0086728283
2026-01-13,2617229.026687206,2067534.4750245782,3166923.5783498334,2433820.1036524232,1980718.7781824176,2886921.4291224293
2026-01-14,2617229.026687206,2061428.3968955309,3173029.656478881,2460334.9690378136,1997043.2149483396,2923626.7231272873
2026-01-15,2617229.026687206,2055388.6756745116,3179069.3776999,2786206.0143913063,2305937.5949420067,3266474.433840606
2026-01-16,2617229.026687206,2049413.1938898875,3185044.859484524,2885153.625201211,2392269.5916138818,3378037.6587885395
2026-01-17,2617229.026687206,2043499.944345586,3190958.1090288255,2508086.5831348025,2003852.9139464565,3012320.252323149
2026-01-18,2617229.026687206,2037647.0222445193,3196811.0311298924,2972824.311974259,2457745.3550697956,3487903.2688787226
2026-01-19,2617229.026687206,2031852.6180209124,3202605.4353534994,2848068.9954067864,2322437.8498190255,3373700.140994547
2026-01-20,2617229.026687206,2026115.0108050816,3208343.04256933,2425369.762177761,1889413.1853998194,2961326.338955703
2026-01-21,2617229.026687206,2020432.5624537645,3214025.490920647,2474741.3941664,1928659.8239479086,3020822.964384892
2026-01-22,2617229.026687206,2014803.712087311,3219654.3412871007,2801715.7853140244,2241662.546761438,3361769.0238666106
2026-01-23,2617229.026687206,2009226.9710821053,3225231.0822923062,2894965.0157488612,2323432.5364573244,3466497.4950403986
2026-01-24,2617229.026687206,2003700.9184726982,3230757.1349017136,2513593.032302909,1931367.6789358195,3095818.3856699984
2026-01-25,2617229.026687206,1998224.1967234022,3236233.856651009,2981262.1878021187,2388688.711083198,3573835.66452104
2026-01-26,2617229.026687206,1992795.5078337074,3241662.545540704,2856383.2661317745,2253680.981270162,3459085.5509933867
2026-01-27,2617229.026687206,1987413.6097458552,3247044.4436285566,2429861.943219998,1817209.764171598,3042514.122268398
2026-01-28,2617229.026687206,1982077.3130264047,3252380.740348007,2484328.519578486,1861888.6451963359,3106768.393960636
2026-01-29,2617229.026687206,1976785.4777966752,3257672.5755777364,2811548.8547625276,2176223.96910553,3446873.7404195247
2026-01-30,2617229.026687206,1971537.0108896256,3262921.042484786,2903527.8735563774,2257306.9803563436,3549748.766756411
2026-01-31,2617229.026687206,1966330.8632130818,3268127.19016133,2521196.2864521937,1864716.0625132332,3177676.5103911543
2026-02-01,2617229.026687206,1961166.027301299,3273292.0260731126,2989518.878897104,2323061.4212388867,3655976.3365553212
2026-02-02,2617229.026687206,1956041.5350386738,3278416.5183357378,2864612.40472408,2188359.0836890726,3540865.7257590876
2026-02-03,2617229.026687206,1950956.4555410398,3283501.5978333713,2437239.109411698,1751339.2538703554,3123138.9649530402
2026-02-04,2617229.026687206,1945909.8931814136,3288548.160192998,2492841.3870085212,1797431.408027266,3188251.3659897763
2026-02-05,2617229.026687206,1940900.9857483336,3293557.067626078,2820116.5449592993,2112390.294202151,3527842.7957164478
2026-02-06,2617229.026687206,1935928.902726071,3298529.1506483406,2911812.4240701813,2193546.939757978,3630077.908382385
2026-02-07,2617229.026687206,1930992.843686992,3303465.2096874197,2529266.934127448,1801028.827412456,3257505.04084244
2026-02-08,2617229.026687206,1926092.036787267,3308366.0165871447,2997735.1825588685,2259772.322737246,3735698.0423804913
2026-02-09,2617229.026687206,1921225.7373579144,3313232.316016497,2872822.5667267526,2125292.6529130177,3620352.480540487
2026-02-10,2617229.026687206,1916393.226583902,3318064.8267905097,2445259.3603888205,1688291.9282525922,3202226.792525049
2026-02-11,2617229.026687206,1911593.810264667,3322864.243109745,2501114.79429298,1734828.4562012474,3267401.1323847114
2026-02-12,2617229.026687206,1906826.8176500096,3327631.235724402,2828402.172648839,2050162.8760093814,3606641.4692882975
2026-02-13,2617229.026687206,1902091.6003458255,3332366.453028586,2920034.9378049406,2131490.4138809894,3708579.461728892
2026-02-14,2617229.026687206,1897387.5312846287,3337070.5220897826,2537441.7673183214,1739114.1117858244,3335769.422850818
2026-02-15,2617229.026687206,1892714.003756236,3341744.0496181757,3005942.483559445,2198056.637988732,3813828.329130158
2026-02-16,2617229.026687206,1888070.430494369,3346387.6228800425,2881028.4987055436,2063725.647985386,3698331.3494257014
2026-02-17,2617229.026687206,1883456.2428152817,3351001.8105591303,2453422.959778435,1626818.5256814612,3280027.3938754094
2026-02-18,2617229.026687206,1878870.88980484,3355587.1635695715,2509334.8241185057,1673534.575201112,3345135.0730358995
2026-02-19,2617229.026687206,1874313.8375507582,3360144.215823653,2836624.926494134,1989123.1821998225,3684126.670788446
2026-02-20,2617229.026687206,1869784.5684169682,3364673.4849574436,2928243.6230772748,2070592.4656546598,3785894.78049989
2026-02-21,2617229.026687206,1865282.5803573267,3369175.473017085,2545639.824240509,1678328.3829904208,3412951.2654905976
2026-02-22,2617229.026687206,1860807.3862660856,3373650.667108326,3014147.777799455,2137383.995174658,3890911.560424252
2026-02-23,2617229.026687206,1856358.513362748,3378099.5400116635,2889233.4877803503,2003146.261369401,3775320.7141913
2026-02-24,2617229.026687206,1851935.5026091114,3382522.5507653,2461618.512602233,1566312.7114621762,3356924.3137422893
2026-02-25,2617229.026687206,1847537.9081564578,3386920.145217954,2517542.955708879,1613114.6964279076,3421971.21498985
2026-02-26,2617229.026687206,1843165.296821015,3391292.7565533966,2844833.665288904,1928882.3110125617,3760785.019565247
2026-02-27,2617229.026687206,1838817.247585936,3395640.8057884756,2936449.2258818215,2010450.1095637607,3862448.342199882
2026-02-28,2617229.026687206,1834493.351128177,3399964.7022462348,2553843.05790625,1618259.1452932104,3489426.97051929
2026-03-01,2617229.026687206,1830193.2093687726,3404264.844005639,3022352.624717513,2077378.5660762042,3967326.683358822
2026-03-02,2617229.026687206,1825916.4350451042,3408541.6183293075,2897438.2666748003,1943193.4292606087,3851683.1040889914
2026-03-03,2617229.026687206,1821662.6513038662,3412795.402070545,2469821.1880856976,1506402.2620130845,3433240.114158311
2026-03-04,2617229.026687206,1817431.4913135155,3417026.5620608963,2525748.4350935724,1553244.0376742797,3498252.8325128653
2026-03-05,2617229.026687206,1813222.5978950758,3421235.455479336,2853039.2800240037,1869138.079658494,3836940.480389513
2026-03-06,2617229.026687206,1809035.6231702508,3425422.430204161,2944654.141581225,1950767.4842989978,3938540.798863453
2026-03-07,2617229.026687206,1804870.228225858,3429587.8251485536,2562047.4455068796,1558616.761854379,3565478.12915938
2026-03-08,2617229.026687206,1800726.0827936707,3433731.970580741,3030557.37192416,2017766.5672092803,4043348.1766390395
2026-03-09,2617229.026687206,1796602.8649448112,3437855.1884296006,2905642.9987184755,1883603.8217610691,3927682.1756758816
2026-03-10,2617229.026687206,1792500.2607978983,3441957.7925765133,2478025.451263319,1446828.0712020034,3509222.831324634
2026-03-11,2617229.026687206,1788417.9642401938,3446040.0891342177,2533953.323281766,1493680.3705550632,3574226.276008469
2026-03-12,2617229.026687206,1784355.6766610509,3450102.3767133607,2861244.1983828163,1809661.8473122818,3912826.5494533502
2026-03-13,2617229.026687206,1780313.1066970103,3454144.946677401,2952858.904119748,1891323.913307257,4014393.8949322393
2026-03-14,2617229.026687206,1776289.9699879226,3458168.0833864887,2570252.090328233,1499187.7376672793,3641316.4429891864
2026-03-15,2617229.026687206,1772285.9889435214,3462172.06443089,3038762.0969043868,1958343.3893414438,4119180.80446733
2026-03-16,2617229.026687206,1768300.8925199076,3466157.160854504,2913847.7203187626,1824180.170851518,4003515.2697860072
2026-03-17,2617229.026687206,1764334.4160054314,3470123.63736898,2486230.0683498527,1387398.5263609753,3585061.6103387303
2026-03-18,2617229.026687206,1760386.300815497,3474071.7525589145,2542158.079687835,1434240.2882950394,3650075.871080631
2026-03-19,2617229.026687206,1756456.2942958355,3478001.7590785758,2869448.961514142,1750279.3289442072,3988618.594084077
2026-03-20,2617229.026687206,1752544.1495338287,3481913.903840583,2961063.632517565,1831951.564893986,4090175.7001411445
2026-03-21,2617229.026687206,1748649.6251774787,3485808.428196933,2578456.7924860115,1439809.9887784568,3717103.5961935665
2026-03-22,2617229.026687206,1744772.485261651,3489685.5681127603,3046966.816930178,1898952.7724913827,4194980.861368974
2026-03-23,2617229.026687206,1740912.4990412383,3493545.554333173,2922052.43959114,1764771.463560446,4079333.415621834
2026-03-24,2617229.026687206,1737069.4408309073,3497388.612543504,2494434.7643253324,1327967.2828012297,3660902.245849435
2026-03-25,2617229.026687206,1733243.089851118,3501214.963523294,2550362.806718682,1374782.497992226,3725943.115445138
2026-03-26,2617229.026687206,1729433.2300801137,3505024.823294298,2877653.6900440985,1690855.7181035462,4064451.6619846513
2026-03-27,2617229.026687206,1725639.6501116066,3508818.403262805,2969268.353305163,1772520.4963419104,4166016.210268415
2026-03-28,2617229.026687206,1721862.1430178848,3512595.9103565267,2586661.507424508,1380357.898059875,3792965.116789141
2026-03-29,2617229.026687206,1718100.5062181042,3516357.5471563074,3055171.5358515885,1839473.2272543968,4270869.844448781
2026-03-30,2617229.026687206,1714354.5413515079,3520103.5120229037,2930257.1583446087,1705260.0458713716,4155254.2708178456
2026-03-31,2617229.026687206,1710624.0541553723,3523833.9992190395,2502639.4778857483,1268420.250032948,3736858.705738548
