month,count,sum,mean
2019-01-01,31,61694899.0,1990158.0322580645
2019-02-01,28,58535547.0,2090555.25
2019-03-01,31,72714771.0,2345637.7741935486
2019-04-01,30,69754997.0,2325166.566666667
2019-05-01,31,74582398.0,2405883.806451613
2019-06-01,30,76489355.0,2549645.1666666665
2019-07-01,31,78841453.0,2543272.6774193547
2019-08-01,31,76083824.0,2454316.9032258065
2019-09-01,30,66622674.0,2220755.8
2019-10-01,31,72020967.0,2323257.0
2019-11-01,30,67673660.0,2255788.6666666665
2019-12-01,31,73087498.0,2357661.2258064514
2020-01-01,31,64932623.0,2094600.7419354839
2020-02-01,29,61939822.0,2135855.9310344825
2020-03-01,31,37110614.0,1197116.5806451612
2020-04-01,30,4087841.0,136261.36666666667
2020-05-01,31,7841796.0,252961.16129032258
2020-06-01,30,15331564.0,511052.13333333336
2020-07-01,31,21941797.0,707799.9032258064
2020-08-01,31,23016206.0,742458.2580645161
2020-09-01,30,22694480.0,756482.6666666666
2020-10-01,31,26872816.0,866865.0322580645
2020-11-01,30,26220138.0,874004.6
2020-12-01,31,27785059.0,896292.2258064516
2021-01-01,31,24923269.0,803976.4193548387
2021-02-01,28,24633449.0,879766.0357142857
2021-03-01,31,38144734.0,1230475.2903225806
2021-04-01,30,42087425.0,1402914.1666666667
2021-05-01,31,50300959.0,1622611.5806451612
2021-06-01,30,57255026.0,1908500.8666666667
2021-07-01,31,63836626.0,2059246.0
2021-08-01,31,57804919.0,1864674.8064516129
2021-09-01,30,51262899.0,1708763.3
2021-10-01,31,57659583.0,1859986.5483870967
2021-11-01,30,58002508.0,1933416.9333333333
2021-12-01,31,59339590.0,1914180.322580645
2022-01-01,31,46196098.0,1490196.7096774194
2022-02-01,28,48709041.0,1739608.607142857
2022-03-01,31,63906622.0,2061503.935483871
2022-04-01,30,63746796.0,2124893.2
2022-05-01,31,67560029.0,2179355.7741935486
2022-06-01,30,68760899.0,2292029.966666667
2022-07-01,31,71078972.0,2292870.064516129
2022-08-01,31,67806258.0,2187298.64516129
2022-09-01,30,63575705.0,2119190.1666666665
2022-10-01,31,67792513.0,2186855.2580645164
2022-11-01,30,64807019.0,2160233.966666667
2022-12-01,31,66131410.0,2133271.290322581
2023-01-01,31,60906882.0,1964738.1290322582
2023-02-01,28,58361130.0,2084326.0714285714
2023-03-01,31,71919462.0,2319982.64516129
2023-04-01,30,70216926.0,2340564.2
2023-05-01,31,74561756.0,2405217.935483871
2023-06-01,30,77156198.0,2571873.2666666666
2023-07-01,31,79847051.0,2575711.3225806453
2023-08-01,31,75366022.0,2431162.0
2023-09-01,30,70213668.0,2340455.6
2023-10-01,31,75729083.0,2442873.64516129
2023-11-01,30,71707878.0,2390262.6
2023-12-01,31,72562140.0,2340714.193548387
2024-01-01,31,64647251.0,2085395.1935483871
2024-02-01,29,64507238.0,2224387.5172413792
2024-03-01,31,77362019.0,2495549.0
2024-04-01,30,74039524.0,2467984.1333333333
2024-05-01,31,80557262.0,2598621.35483871
2024-06-01,30,82125100.0,2737503.3333333335
2024-07-01,31,84120120.0,2713552.2580645164
2024-08-01,31,79508438.0,2564788.3225806453
2024-09-01,30,71599103.0,2386636.7666666666
2024-10-01,31,76332040.0,2462323.870967742
2024-11-01,30,71885548.0,2396184.933333333
2024-12-01,31,77384934.0,2496288.193548387
2025-01-01,31,65777233.0,2121846.2258064514
2025-02-01,28,62590333.0,2235369.035714286
2025-03-01,31,77229641.0,2491278.7419354836
2025-04-01,30,74206261.0,2473542.033333333
2025-05-01,31,79363092.0,2560099.7419354836
2025-06-01,30,81756504.0,2725216.8
2025-07-01,31,85093035.0,2744936.6129032257
2025-08-01,31,80331071.0,2591324.870967742
2025-09-01,30,72091468.0,2403048.933333333
2025-10-01,31,79099091.0,2551583.580645161
2025-11-01,30,71776970.0,2392565.6666666665
2025-12-01,31,77421277.0,2497460.5483870967
